1	ACAA
2	ACAG
3	ACAT
4	ACCA
5	ACCG
6	ACCT
7	ACGA
8	ACGG
9	ACGT
10	ACTA
11	ACTG
12	ACTT
13	ATAA
14	ATAC
15	ATAG
16	ATCA
17	ATCC
18	ATCG
19	ATGA
20	ATGC
21	ATGG
22	ATTA
23	ATTC
24	ATTG
25	CCAA
26	CCAG
27	CCAT
28	CCCA
29	CCCG
30	CCCT
31	CCGA
32	CCGG
33	CCGT
34	CCTA
35	CCTG
36	CCTT
37	CTAA
38	CTAC
39	CTAG
40	CTCA
41	CTCC
42	CTCG
43	CTGA
44	CTGC
45	CTGG
46	CTTA
47	CTTC
48	CTTG
49	GCAA
50	GCAG
51	GCAT
52	GCCA
53	GCCG
54	GCCT
55	GCGA
56	GCGG
57	GCGT
58	GCTA
59	GCTG
60	GCTT
61	GTAA
62	GTAC
63	GTAG
64	GTCA
65	GTCC
66	GTCG
67	GTGA
68	GTGC
69	GTGG
70	GTTA
71	GTTC
72	GTTG
73	TCAA
74	TCAG
75	TCAT
76	TCCA
77	TCCG
78	TCCT
79	TCGA
80	TCGG
81	TCGT
82	TCTA
83	TCTG
84	TCTT
85	TTAA
86	TTAC
87	TTAG
88	TTCA
89	TTCC
90	TTCG
91	TTGA
92	TTGC
93	TTGG
94	TTTA
95	TTTC
96	TTTG
